dataset,size,churn_rate
train,4504,16.385435168738898
test,1126,16.341030195381883
